{
  "status": "OK",
  "copyright": "Copyright (c) 2021 The New York Times Company. All Rights Reserved.",
  "has_more": true,
  "num_results": 20,
  "results": [
    {
      "display_title": "The Biggest Little Farm",
      "mpaa_rating": "PG",
      "critics_pick": 1,
      "byline": "GLENN KENNY",
      "headline": "\u2018The Biggest Little Farm\u2019 Review: The Pleasures of D.I.Y. Agriculture",
      "summary_short": "John Chester\u2019s film documents how he and his wife, entertaining idealistic notions, left their lives in the big city to go work the land.",
      "publication_date": "2019-05-09",
      "opening_date": "2019-05-10",
      "date_updated": "2019-06-09 02:44:02",
      "link": {
        "type": "article",
        "url": "https://www.nytimes.com/2019/05/09/movies/the-biggest-little-farm-review.html",
        "suggested_link_text": "Read the New York Times Review of The Biggest Little Farm"
      },
      "multimedia": {
        "type": "mediumThreeByTwo210",
        "src": "https://static01.nyt.com/images/2019/05/09/arts/09biggestlittle1/09biggestlittle1-mediumThreeByTwo210.jpg",
        "height": 140,
        "width": 210
      }
    },
    {
      "display_title": "The Big Sick",
      "mpaa_rating": "R",
      "critics_pick": 1,
      "byline": "MANOHLA DARGIS",
      "headline": "Review: In \u2018The Big Sick,\u2019 Comedy Is Hard, Love Harder",
      "summary_short": "Kumail Nanjiani stars opposite Zoe Kazan in this very funny, moving true story about how he found and almost lost love. Holly Hunter and Ray Romano also star.",
      "publication_date": "2017-06-22",
      "opening_date": "2017-07-14",
      "date_updated": "2017-11-02 04:18:27",
      "link": {
        "type": "article",
        "url": "https://www.nytimes.com/2017/06/22/movies/the-big-sick-review-kumail-nanjiani.html",
        "suggested_link_text": "Read the New York Times Review of The Big Sick"
      },
      "multimedia": {
        "type": "mediumThreeByTwo210",
        "src": "https://static01.nyt.com/images/2017/06/23/arts/23BIGSICK1/23BIGSICK1-mediumThreeByTwo210.jpg",
        "height": 140,
        "width": 210
      }
    },
    {
      "display_title": "Don\u2019t Think Twice",
      "mpaa_rating": "R",
      "critics_pick": 1,
      "byline": "STEPHEN HOLDEN",
      "headline": "Review: \u2018Don\u2019t Think Twice\u2019: Mike Birbiglia\u2019s Smart Comedy",
      "summary_short": "The movie follows an improv troupe and its members, who can be both supportive and catty.",
      "publication_date": "2016-07-21",
      "opening_date": "2016-07-22",
      "date_updated": "2017-11-02 04:18:25",
      "link": {
        "type": "article",
        "url": "https://www.nytimes.com/2016/07/22/movies/dont-think-twice-mike-birbliglia-improv-comedy-review.html",
        "suggested_link_text": "Read the New York Times Review of Don\u2019t Think Twice"
      },
      "multimedia": {
        "type": "mediumThreeByTwo210",
        "src": "https://static01.nyt.com/images/2016/07/22/arts/22DONTTHINKALT/22DONTTHINKALT-mediumThreeByTwo210.jpg",
        "height": 140,
        "width": 210
      }
    },
    {
      "display_title": "A Bigger Splash",
      "mpaa_rating": "R",
      "critics_pick": 1,
      "byline": "MANOHLA DARGIS",
      "headline": "Review: \u2018A Bigger Splash,\u2019 With a Speechless Tilda Swinton, Is Ready for Its Close-Up",
      "summary_short": "This film, filled with beautiful people, is a reluctant thriller about a rock star, her current lover, her former lover and a pretty young thing.",
      "publication_date": "2016-05-03",
      "opening_date": "2016-05-04",
      "date_updated": "2017-11-02 04:18:24",
      "link": {
        "type": "article",
        "url": "https://www.nytimes.com/2016/05/04/movies/a-bigger-splash-review-tilda-swinton.html",
        "suggested_link_text": "Read the New York Times Review of A Bigger Splash"
      },
      "multimedia": {
        "type": "mediumThreeByTwo210",
        "src": "https://static01.nyt.com/images/2016/05/04/arts/04BIGGER/04BIGGER-mediumThreeByTwo210.jpg",
        "height": 140,
        "width": 210
      }
    },
    {
      "display_title": "The Big Short",
      "mpaa_rating": "R",
      "critics_pick": 1,
      "byline": "A. O. SCOTT",
      "headline": "Review: In \u2018The Big Short,\u2019 Economic Collapse for Fun and Profit",
      "summary_short": "Adam McKay\u2019s adaptation of Michael Lewis\u2019s account of fund managers who bet against the real estate bubble finds laughs within the crisis.",
      "publication_date": "2015-12-10",
      "opening_date": "2015-12-23",
      "date_updated": "2017-11-02 04:18:23",
      "link": {
        "type": "article",
        "url": "https://www.nytimes.com/2015/12/11/movies/review-in-the-big-short-economic-collapse-for-fun-and-profit.html",
        "suggested_link_text": "Read the New York Times Review of The Big Short"
      },
      "multimedia": {
        "type": "mediumThreeByTwo210",
        "src": "https://static01.nyt.com/images/2015/12/11/arts/11BIGSHORT/11BIGSHORT-mediumThreeByTwo210-v2.jpg",
        "height": 140,
        "width": 210
      }
    },
    {
      "display_title": "Big Game",
      "mpaa_rating": "PG-13",
      "critics_pick": 1,
      "byline": "ANDY WEBSTER",
      "headline": "Review: &#8216;Big Game&#8217; Stars Samuel L. Jackson as a President in Dire Straits",
      "summary_short": "In this adventure, a Scandinavian teenager encounters the American president, who has bailed out of a doomed Air Force One over the Finnish woods.",
      "publication_date": "2015-06-25",
      "opening_date": "2015-06-26",
      "date_updated": "2017-11-02 04:18:21",
      "link": {
        "type": "article",
        "url": "https://www.nytimes.com/2015/06/26/movies/review-big-game-stars-samuel-l-jackson-as-a-president-in-dire-straits.html",
        "suggested_link_text": "Read the New York Times Review of Big Game"
      },
      "multimedia": {
        "type": "mediumThreeByTwo210",
        "src": "https://static01.nyt.com/images/2015/06/26/arts/0626BIGGAME/0626BIGGAME-mediumThreeByTwo210.jpg",
        "height": 140,
        "width": 210
      }
    },
    {
      "display_title": "Big Men",
      "mpaa_rating": "",
      "critics_pick": 1,
      "byline": "JEANNETTE CATSOULIS",
      "headline": "Oil Money, and Where It Flows",
      "summary_short": "Rachel Boynton\u2019s documentary \u201cBig Men\u201d is about the 2007 discovery of oil off the coast of Ghana and the perfect storm of avarice that develops around it.",
      "publication_date": "2014-03-13",
      "opening_date": "2014-03-14",
      "date_updated": "2017-11-02 04:18:18",
      "link": {
        "type": "article",
        "url": "https://www.nytimes.com/2014/03/14/movies/big-men-looks-at-ghanaian-oil-discovery.html",
        "suggested_link_text": "Read the New York Times Review of Big Men"
      },
      "multimedia": {
        "type": "mediumThreeByTwo210",
        "src": "https://static01.nyt.com/images/2014/03/14/arts/14SUBBIGMEN/SUBBIGMEN-mediumThreeByTwo210.jpg",
        "height": 140,
        "width": 210
      }
    },
    {
      "display_title": "Big Sur",
      "mpaa_rating": "R",
      "critics_pick": 1,
      "byline": "STEPHEN HOLDEN",
      "headline": "A Writer Who\u2019s Beat in Search of a Refuge",
      "summary_short": "Michael Polish\u2019s film \u201cBig Sur\u201d is based on Jack Kerouac\u2019s visits to that coastal California region, where he fled the literary success that followed the publication of \u201cOn the Road.\u201d",
      "publication_date": "2013-10-31",
      "opening_date": "2013-11-01",
      "date_updated": "2017-11-02 04:18:18",
      "link": {
        "type": "article",
        "url": "https://www.nytimes.com/2013/11/01/movies/kerouac-novel-adapted-to-screen-in-big-sur.html",
        "suggested_link_text": "Read the New York Times Review of Big Sur"
      },
      "multimedia": {
        "type": "mediumThreeByTwo210",
        "src": "https://static01.nyt.com/images/2013/11/01/arts/01BIGSUR_SPAN/01BIGSUR_SPAN-mediumThreeByTwo210.jpg",
        "height": 140,
        "width": 210
      }
    },
    {
      "display_title": "Zero Dark Thirty",
      "mpaa_rating": "R",
      "critics_pick": 1,
      "byline": "MANOHLA DARGIS",
      "headline": "By Any Means Necessary",
      "summary_short": "\u201cZero Dark Thirty\u201d treads on unusual territory for moviegoers used to Hollywood\u2019s practice of simplifying morality.",
      "publication_date": "2012-12-17",
      "opening_date": "2013-01-11",
      "date_updated": "2017-11-02 04:18:16",
      "link": {
        "type": "article",
        "url": "https://www.nytimes.com/2012/12/18/movies/jessica-chastain-in-zero-dark-thirty.html",
        "suggested_link_text": "Read the New York Times Review of Zero Dark Thirty"
      },
      "multimedia": null
    },
    {
      "display_title": "The Big Picture",
      "mpaa_rating": "Not Rated",
      "critics_pick": 1,
      "byline": "STEPHEN HOLDEN",
      "headline": "A Fugitive\u2019s Identity Theft Has a Highly Personal Twist",
      "summary_short": "\u201cThe Big Picture\u201d is a French thriller about a husband who fakes his death after accidentally killing his wife\u2019s lover, then assumes the lover\u2019s identity.",
      "publication_date": "2012-10-11",
      "opening_date": "2012-10-12",
      "date_updated": "2017-11-02 04:18:15",
      "link": {
        "type": "article",
        "url": "https://www.nytimes.com/2012/10/12/movies/the-big-picture-directed-by-eric-lartigau.html",
        "suggested_link_text": "Read the New York Times Review of The Big Picture"
      },
      "multimedia": null
    },
    {
      "display_title": "Letters from the Big Man",
      "mpaa_rating": "",
      "critics_pick": 1,
      "byline": "MANOHLA DARGIS",
      "headline": "In the Deep Forest, an Unusual Bond and Untamed Beauty",
      "summary_short": "Sasquatch makes a connection with a woman of the woods in Christopher Munch\u2019s lovely, delightfully idiosyncratic \u201cLetters From the Big Man.\u201d",
      "publication_date": "2011-11-10",
      "opening_date": "2011-11-11",
      "date_updated": "2017-11-02 04:18:14",
      "link": {
        "type": "article",
        "url": "https://www.nytimes.com/2011/11/11/movies/letters-from-the-big-man-stars-lily-rabe-review.html",
        "suggested_link_text": "Read the New York Times Review of Letters from the Big Man"
      },
      "multimedia": null
    },
    {
      "display_title": "The Hurt Locker",
      "mpaa_rating": "R",
      "critics_pick": 1,
      "byline": "A. O. SCOTT",
      "headline": "Soldiers on a Live Wire Between Peril and Protocol",
      "summary_short": "If \u201cThe Hurt Locker\u201d is not the best action movie of the summer, I\u2019ll blow up my car.",
      "publication_date": "2009-06-25",
      "opening_date": "2009-07-31",
      "date_updated": "2017-11-02 04:18:09",
      "link": {
        "type": "article",
        "url": "https://www.nytimes.com/2009/06/26/movies/26hurt.html",
        "suggested_link_text": "Read the New York Times Review of The Hurt Locker"
      },
      "multimedia": null
    },
    {
      "display_title": "Bigger, Stronger, Faster*",
      "mpaa_rating": "PG-13",
      "critics_pick": 1,
      "byline": "STEPHEN HOLDEN",
      "headline": "Steroid Myth, Scandals and Dreams",
      "summary_short": "Just when \u201cBigger, Stronger, Faster*\u201d seems content to be an entertaining exploration of the use of anabolic steroids, it turns a corner and plunges into deeper waters.",
      "publication_date": "2008-05-30",
      "opening_date": "2008-01-19",
      "date_updated": "2017-11-02 04:18:07",
      "link": {
        "type": "article",
        "url": "https://www.nytimes.com/2008/05/30/movies/30bigg.html",
        "suggested_link_text": "Read the New York Times Review of Bigger, Stronger, Faster*"
      },
      "multimedia": null
    },
    {
      "display_title": "South Park: Bigger, Longer & Uncut",
      "mpaa_rating": "R",
      "critics_pick": 1,
      "byline": "Stephen Holden",
      "headline": "South Park (Movie)  ",
      "summary_short": "The movie spinoff from the outrageous Comedy Central cartoon series following the adventures of some potty-mouthed third-grade boys in South Park, Colo., is extremely funny and jubilantly obscene, with several sewers' worth of bathroom humor. It is also a smart, pointed satire that demolishes the hypocrisy of a conservative culture that allows almost unlimited violence and gore in movies and on television but goes ballistic at the prospect of children's being exposed to dirty language and sexual explicitness. When a group of tykes sneak into a Canadian movie filled with obscenities and come home spewing smut, their parents raise such a ruckus that the United States declares war on Canada. Armageddon looms when the Devil, who has been having a troubled affair with the recently deceased Saddam Hussein, decides to put in an appearance. Contributing to the madness are 15 clever songs spoofing everything from Rodgers and Hammerstein to &quot;Les Miserables.&quot; \u2014 Stephen Holden",
      "publication_date": "1999-06-30",
      "opening_date": "1999-06-30",
      "date_updated": "2017-11-02 04:17:57",
      "link": {
        "type": "article",
        "url": "https://www.nytimes.com/1999/06/30/movies/film-review-making-a-point-with-smut-and-laughs.html",
        "suggested_link_text": "Read the New York Times Review of South Park: Bigger, Longer & Uncut"
      },
      "multimedia": null
    },
    {
      "display_title": "The Chambermaid on the Titanic",
      "mpaa_rating": "",
      "critics_pick": 1,
      "byline": "Stephen Holden",
      "headline": "Chambermaid on the Titanic, The (Movie)  ",
      "summary_short": "French foundry worker eroticizes his one-night encounter with a passenger on the doomed ship. Half mocking commentary, half soft-core fluff.",
      "publication_date": "1998-08-14",
      "opening_date": "1998-08-14",
      "date_updated": "2017-11-02 04:17:55",
      "link": {
        "type": "article",
        "url": "https://www.nytimes.com/1998/08/14/movies/film-review-a-sensual-story-the-heart-tells-the-head.html",
        "suggested_link_text": "Read the New York Times Review of The Chambermaid on the Titanic"
      },
      "multimedia": null
    },
    {
      "display_title": "The Big One",
      "mpaa_rating": "PG-13",
      "critics_pick": 1,
      "byline": "Janet Maslin",
      "headline": "Big One, The (Movie)",
      "summary_short": "",
      "publication_date": "1998-04-10",
      "opening_date": "1998-04-10",
      "date_updated": "2017-11-02 04:17:55",
      "link": {
        "type": "article",
        "url": "https://www.nytimes.com/1998/04/10/movies/film-review-a-sly-lens-on-corporate-america.html",
        "suggested_link_text": "Read the New York Times Review of The Big One"
      },
      "multimedia": null
    },
    {
      "display_title": "The Big Lebowski",
      "mpaa_rating": "R",
      "critics_pick": 1,
      "byline": "Janet Maslin",
      "headline": "Big Lebowski, the (Movie)",
      "summary_short": "In a film both sweeter and loopier than &quot;Fargo,&quot; Joel and Ethan Coen and their rogues' gallery of actors explore Southern California's post-hippie, surfer-dude bowling scene. The results are irresistible, at least for audiences on the film's laid-back wavelength and in tune with its deadpan humor. With shaggy, baggy looks that belie his performance's fine comic control, Jeff Bridges plays a guy who truly deserves to be called Dude, and is by turns oblivious and indignant once a ruined rug leads him into neo-noir escapades. In a film that certainly keeps its audience guessing what might happen next (Saddam Hussein renting bowling shoes?), John Turturro takes the cake as the most fiendish of bowlers. \u2014 Janet Maslin",
      "publication_date": "1998-03-06",
      "opening_date": "1998-03-06",
      "date_updated": "2017-11-02 04:17:54",
      "link": {
        "type": "article",
        "url": "https://www.nytimes.com/1998/03/06/movies/film-review-a-bowling-ball-s-eye-view-of-reality.html",
        "suggested_link_text": "Read the New York Times Review of The Big Lebowski"
      },
      "multimedia": null
    },
    {
      "display_title": "Big Night",
      "mpaa_rating": "R",
      "critics_pick": 1,
      "byline": "Janet Maslin",
      "headline": "BIG NIGHT (MOVIE)",
      "summary_short": "Restaurateur brothers stake all on one dinner. Succulent comedy.",
      "publication_date": "1996-03-29",
      "opening_date": "1996-09-20",
      "date_updated": "2017-11-02 04:17:50",
      "link": {
        "type": "article",
        "url": "https://www.nytimes.com/1996/03/29/movies/film-festival-review-brothers-last-chance-to-save-their-paradise.html",
        "suggested_link_text": "Read the New York Times Review of Big Night"
      },
      "multimedia": null
    },
    {
      "display_title": "The Boys Next Door",
      "mpaa_rating": "R",
      "critics_pick": 1,
      "byline": "Vincent Canby",
      "headline": "BOYS NEXT DOOR, THE (MOVIE)",
      "summary_short": "Teens on L.A. crime spree.",
      "publication_date": "1986-03-14",
      "opening_date": "1985-10-01",
      "date_updated": "2017-11-02 04:17:34",
      "link": {
        "type": "article",
        "url": "https://www.nytimes.com/1986/03/14/movies/screen-spheeris-s-boys-next-door.html",
        "suggested_link_text": "Read the New York Times Review of The Boys Next Door"
      },
      "multimedia": null
    },
    {
      "display_title": "The Big Chill",
      "mpaa_rating": "R",
      "critics_pick": 1,
      "byline": "VINCENT CANBY",
      "headline": "BIG CHILL, THE (MOVIE)",
      "summary_short": "Old college friends reunited. Sharp, melancholy tale and good ensemble work.",
      "publication_date": "1983-09-23",
      "opening_date": "1983-09-30",
      "date_updated": "2017-11-02 04:17:32",
      "link": {
        "type": "article",
        "url": "https://www.nytimes.com/1983/09/23/movies/screen-the-big-chill-reunion-of-60-s-activists.html",
        "suggested_link_text": "Read the New York Times Review of The Big Chill"
      },
      "multimedia": null
    }
  ]
}