{
  "success": true,
  "terms": "https://currencylayer.com/terms",
  "privacy": "https://currencylayer.com/privacy",
  "timestamp": 1618711984,
  "source": "USD",
  "quotes": {
    "USDAED": 3.673204,
    "USDAFN": 77.524944,
    "USDALL": 102.75456,
    "USDAMD": 521.492745,
    "USDANG": 1.796035,
    "USDAOA": 650.911041,
    "USDARS": 92.818615,
    "USDAUD": 1.292992,
    "USDAWG": 1.8,
    "USDAZN": 1.70397,
    "USDBAM": 1.632314,
    "USDBBD": 2.020205,
    "USDBDT": 84.793126,
    "USDBGN": 1.632289,
    "USDBHD": 0.377067,
    "USDBIF": 1949.482346,
    "USDBMD": 1,
    "USDBND": 1.333923,
    "USDBOB": 6.9139,
    "USDBRL": 5.58874,
    "USDBSD": 1.000588,
    "USDBTC": 1.6868838e-05,
    "USDBTN": 74.293667,
    "USDBWP": 10.828705,
    "USDBYN": 2.598158,
    "USDBYR": 19600,
    "USDBZD": 2.016867,
    "USDCAD": 1.25065,
    "USDCDF": 1996.000362,
    "USDCHF": 0.920051,
    "USDCLF": 0.02547,
    "USDCLP": 702.803912,
    "USDCNY": 6.521041,
    "USDCOP": 3614.019421,
    "USDCRC": 613.631337,
    "USDCUC": 1,
    "USDCUP": 26.5,
    "USDCVE": 92.025922,
    "USDCZK": 21.62704,
    "USDDJF": 178.126265,
    "USDDKK": 6.206204,
    "USDDOP": 56.892242,
    "USDDZD": 132.210393,
    "USDEGP": 15.680393,
    "USDERN": 15.001911,
    "USDETB": 41.799039,
    "USDEUR": 0.834589,
    "USDFJD": 2.026404,
    "USDFKP": 0.726375,
    "USDGBP": 0.722883,
    "USDGEL": 3.42504,
    "USDGGP": 0.726375,
    "USDGHS": 5.778275,
    "USDGIP": 0.726375,
    "USDGMD": 51.08039,
    "USDGNF": 10011.642512,
    "USDGTQ": 7.721865,
    "USDGYD": 209.331536,
    "USDHKD": 7.771404,
    "USDHNL": 24.057019,
    "USDHRK": 6.316404,
    "USDHTG": 82.912214,
    "USDHUF": 301.590388,
    "USDIDR": 14526.9,
    "USDILS": 3.27869,
    "USDIMP": 0.726375,
    "USDINR": 74.540504,
    "USDIQD": 1459.82916,
    "USDIRR": 42105.000352,
    "USDISK": 126.430386,
    "USDJEP": 0.726375,
    "USDJMD": 150.084919,
    "USDJOD": 0.709504,
    "USDJPY": 108.78504,
    "USDKES": 107.56104,
    "USDKGS": 84.803801,
    "USDKHR": 4050.258931,
    "USDKMF": 410.850384,
    "USDKPW": 900.000192,
    "USDKRW": 1116.650384,
    "USDKWD": 0.30145,
    "USDKYD": 0.833838,
    "USDKZT": 430.49754,
    "USDLAK": 9430.351487,
    "USDLBP": 1513.025843,
    "USDLKR": 193.109552,
    "USDLRD": 172.525039,
    "USDLSL": 14.340382,
    "USDLTL": 2.95274,
    "USDLVL": 0.60489,
    "USDLYD": 4.502856,
    "USDMAD": 8.936108,
    "USDMDL": 17.943073,
    "USDMGA": 3800.266234,
    "USDMKD": 51.423182,
    "USDMMK": 1410.800412,
    "USDMNT": 2850.652384,
    "USDMOP": 8.006794,
    "USDMRO": 356.999828,
    "USDMUR": 40.403743,
    "USDMVR": 15.450378,
    "USDMWK": 787.657268,
    "USDMXN": 19.916055,
    "USDMYR": 4.126039,
    "USDMZN": 55.515039,
    "USDNAD": 14.340377,
    "USDNGN": 380.503727,
    "USDNIO": 34.920026,
    "USDNOK": 8.371039,
    "USDNPR": 118.869633,
    "USDNZD": 1.399874,
    "USDOMR": 0.38501,
    "USDPAB": 1.000588,
    "USDPEN": 3.628625,
    "USDPGK": 3.558185,
    "USDPHP": 48.342716,
    "USDPKR": 153.336978,
    "USDPLN": 3.790775,
    "USDPYG": 6439.352526,
    "USDQAR": 3.64075,
    "USDRON": 4.111038,
    "USDRSD": 98.064172,
    "USDRUB": 75.608904,
    "USDRWF": 1000.930566,
    "USDSAR": 3.75156,
    "USDSBD": 7.996833,
    "USDSCR": 13.973519,
    "USDSDG": 381.503678,
    "USDSEK": 8.435304,
    "USDSGD": 1.334255,
    "USDSHP": 0.726375,
    "USDSLL": 10225.000339,
    "USDSOS": 584.000338,
    "USDSRD": 14.154038,
    "USDSTD": 20729.138031,
    "USDSVC": 8.754835,
    "USDSYP": 1257.567409,
    "USDSZL": 14.255109,
    "USDTHB": 31.195038,
    "USDTJS": 11.408494,
    "USDTMT": 3.51,
    "USDTND": 2.756504,
    "USDTOP": 2.26685,
    "USDTRY": 8.072038,
    "USDTTD": 6.791465,
    "USDTWD": 28.266504,
    "USDTZS": 2320.315141,
    "USDUAH": 28.005375,
    "USDUGX": 3619.026953,
    "USDUSD": 1,
    "USDUYU": 44.159757,
    "USDUZS": 10518.146045,
    "USDVEF": 213830222338.07285,
    "USDVND": 23081.384916,
    "USDVUV": 109.538863,
    "USDWST": 2.531727,
    "USDXAF": 547.454296,
    "USDXAG": 0.038543,
    "USDXAU": 0.000563,
    "USDXCD": 2.70255,
    "USDXDR": 0.700387,
    "USDXOF": 547.454296,
    "USDXPF": 100.050364,
    "USDYER": 250.403597,
    "USDZAR": 14.31297,
    "USDZMK": 9001.203593,
    "USDZMW": 22.202563,
    "USDZWL": 322.000195
  }
}