{
  "status": "success",
  "data": {
    "city": "Hialeah",
    "state": "Florida",
    "country": "USA",
    "location": {
      "type": "Point",
      "coordinates": [
        -80.167847,
        26.131256
      ]
    },
    "current": {
      "weather": {
        "ts": "2020-11-04T21:00:00.000Z",
        "tp": 26,
        "pr": 1020,
        "hu": 69,
        "ws": 8.2,
        "wd": 60,
        "ic": "04d"
      },
      "pollution": {
        "ts": "2020-11-04T22:00:00.000Z",
        "aqius": 42,
        "mainus": "p2",
        "aqicn": 15,
        "maincn": "p2"
      }
    }
  }
}