{
  "totalResults": 41,
  "videos": [
    {
      "title": "Creamy VEGAN Pasta Salad",
      "shortTitle": "Creamy VEGAN Pasta Salad",
      "youTubeId": "IROLC8MuYaM",
      "rating": 0.9915492957746479,
      "views": 35619,
      "thumbnail": "https://i.ytimg.com/vi/IROLC8MuYaM/hqdefault.jpg",
      "length": 237
    },
    {
      "title": "Quick and Easy Pasta Salad",
      "shortTitle": "Quick and Easy Pasta Salad",
      "youTubeId": "IsWkPIz45Sk",
      "rating": 0.9929078014184397,
      "views": 1849,
      "thumbnail": "https://i.ytimg.com/vi/IsWkPIz45Sk/hqdefault.jpg",
      "length": 181
    },
    {
      "title": "The Best Italian Pasta Salad",
      "shortTitle": "The Best Italian Pasta Salad",
      "youTubeId": "urI0OtSzZ_8",
      "rating": 0.9888888888888889,
      "views": 2449,
      "thumbnail": "https://i.ytimg.com/vi/urI0OtSzZ_8/hqdefault.jpg",
      "length": 481
    },
    {
      "title": "Creamy BACON Florentine Pasta",
      "shortTitle": "Creamy BACON Florentine Pasta",
      "youTubeId": "Vlte2O8Tl40",
      "rating": 0.9861415025528811,
      "views": 15873,
      "thumbnail": "https://i.ytimg.com/vi/Vlte2O8Tl40/hqdefault.jpg",
      "length": 222
    },
    {
      "title": "Sun Dried Tomato Chicken Pasta",
      "shortTitle": "Sun Dried Tomato Chicken Pasta",
      "youTubeId": "TkQnhPz7Zi4",
      "rating": 0.988795518207283,
      "views": 4784,
      "thumbnail": "https://i.ytimg.com/vi/TkQnhPz7Zi4/hqdefault.jpg",
      "length": 403
    },
    {
      "title": "How To Make Easy Italian Pasta Salad",
      "shortTitle": "How To Make Easy Italian Pasta Salad",
      "youTubeId": "8nhijoA45O4",
      "rating": 0.9875403784033225,
      "views": 52258,
      "thumbnail": "https://i.ytimg.com/vi/8nhijoA45O4/hqdefault.jpg",
      "length": 176
    },
    {
      "title": "Creamy Sun-Dried Tomato and Spinach Pasta",
      "shortTitle": "Creamy Sun-Dried Tomato and Spinach Pasta",
      "youTubeId": "ll-FAFOVNVk",
      "rating": 0.9945982444294396,
      "views": 19744,
      "thumbnail": "https://i.ytimg.com/vi/ll-FAFOVNVk/hqdefault.jpg",
      "length": 247
    },
    {
      "title": "Pasta Salad Recipe - healthy recipe channel",
      "shortTitle": "Pasta Salad Recipe",
      "youTubeId": "TqqyK22mPfQ",
      "rating": 1.0,
      "views": 551,
      "thumbnail": "https://i.ytimg.com/vi/TqqyK22mPfQ/hqdefault.jpg",
      "length": 386
    },
    {
      "title": "ONE POT BBQ Chicken Pasta | The Recipe Rebel",
      "shortTitle": "ONE POT BBQ Chicken Pasta",
      "youTubeId": "KZ6fvozgdCA",
      "rating": 0.9523809523809523,
      "views": 1157,
      "thumbnail": "https://i.ytimg.com/vi/KZ6fvozgdCA/hqdefault.jpg",
      "length": 92
    },
    {
      "title": "Pasta e Fagioli | Better than Olive Garden's |",
      "shortTitle": "Pasta e Fagioli",
      "youTubeId": "GWCoMFqxoU4",
      "rating": 0.9413265306122449,
      "views": 10638,
      "thumbnail": "https://i.ytimg.com/vi/GWCoMFqxoU4/hqdefault.jpg",
      "length": 228
    }
  ]
}